item_name,item_url,subcategory,schema_name_value,schema_name_uri,schema_url_value,schema_url_uri,schema_price_value,schema_price_uri,schema_color_value,schema_color_uri,schema_sku_value,schema_sku_uri,brand,category
HP 302XL/304XL originele drie-kleuren inktcartridge,https://www.hp.com/be-nl/shop/products/supplies/hp-302xl-304xl-originele-drie-kleuren-inktcartridge-b7rt8ae-ls1,InkCartridge,HP 302XL/304XL originele drie-kleuren inktcartridge,https://schema.org/name,https://www.hp.com/be-nl/shop/products/supplies/hp-302xl-304xl-originele-drie-kleuren-inktcartridge-b7rt8ae-ls1,https://schema.org/url,52.49,https://schema.org/price,Cyan/Magenta/Yellow,https://schema.org/color,B7RT8AE,https://schema.org/sku,HP,Supplies
HP 302XL/304XL originele zwarte inktcartridge,https://www.hp.com/be-nl/shop/products/supplies/hp-302xl-304xl-originele-zwarte-inktcartridge-b7rt9ae-ls1,InkCartridge,HP 302XL/304XL originele zwarte inktcartridge,https://schema.org/name,https://www.hp.com/be-nl/shop/products/supplies/hp-302xl-304xl-originele-zwarte-inktcartridge-b7rt9ae-ls1,https://schema.org/url,42.99,https://schema.org/price,Black,https://schema.org/color,B7RT9AE,https://schema.org/sku,HP,Supplies
"HP 304A originele cyaan/magenta/gele LaserJet tonercartridge, 3-pack",https://www.hp.com/be-nl/shop/products/supplies/hp-304a-originele-cyaan-magenta-gele-laserjet-tonercartridge-3-pack-cf372am,TonerCartridge,"HP 304A originele cyaan/magenta/gele LaserJet tonercartridge, 3-pack",https://schema.org/name,https://www.hp.com/be-nl/shop/products/supplies/hp-304a-originele-cyaan-magenta-gele-laserjet-tonercartridge-3-pack-cf372am,https://schema.org/url,600.99,https://schema.org/price,Cyan/Magenta/Yellow,https://schema.org/color,CF372AM,https://schema.org/sku,LaserJet,Supplies
HP 301XL originele high-capacity zwarte inktcartridge,https://www.hp.com/be-nl/shop/products/supplies/hp-301xl-originele-high-capacity-zwarte-inktcartridge-ch563ee-uus,InkCartridge,HP 301XL originele high-capacity zwarte inktcartridge,https://schema.org/name,https://www.hp.com/be-nl/shop/products/supplies/hp-301xl-originele-high-capacity-zwarte-inktcartridge-ch563ee-uus,https://schema.org/url,57.49,https://schema.org/price,Black,https://schema.org/color,CH563EE,https://schema.org/sku,HP,Supplies
HP 301 originele drie-kleuren inktcartridge,https://www.hp.com/be-nl/shop/products/supplies/hp-301-originele-drie-kleuren-inktcartridge-ch562ee-uus,InkCartridge,HP 301 originele drie-kleuren inktcartridge,https://schema.org/name,https://www.hp.com/be-nl/shop/products/supplies/hp-301-originele-drie-kleuren-inktcartridge-ch562ee-uus,https://schema.org/url,33.49,https://schema.org/price,Cyan/Magenta/Yellow,https://schema.org/color,CH562EE,https://schema.org/sku,HP,Supplies
HP 415X originele high-capacity magenta LaserJet tonercartridge,https://www.hp.com/be-nl/shop/products/supplies/hp-415x-originele-high-capacity-magenta-laserjet-tonercartridge-w2033x,TonerCartridge,HP 415X originele high-capacity magenta LaserJet tonercartridge,https://schema.org/name,https://www.hp.com/be-nl/shop/products/supplies/hp-415x-originele-high-capacity-magenta-laserjet-tonercartridge-w2033x,https://schema.org/url,352.49,https://schema.org/price,Magenta,https://schema.org/color,W2033X,https://schema.org/sku,LaserJet,Supplies
HP 415A originele magenta LaserJet tonercartridge,https://www.hp.com/be-nl/shop/products/supplies/hp-415a-originele-magenta-laserjet-tonercartridge-w2033a,TonerCartridge,HP 415A originele magenta LaserJet tonercartridge,https://schema.org/name,https://www.hp.com/be-nl/shop/products/supplies/hp-415a-originele-magenta-laserjet-tonercartridge-w2033a,https://schema.org/url,163.5,https://schema.org/price,Magenta,https://schema.org/color,W2033A,https://schema.org/sku,LaserJet,Supplies
HP 415A originele gele LaserJet tonercartridge,https://www.hp.com/be-nl/shop/products/supplies/hp-415a-originele-gele-laserjet-tonercartridge-w2032a,TonerCartridge,HP 415A originele gele LaserJet tonercartridge,https://schema.org/name,https://www.hp.com/be-nl/shop/products/supplies/hp-415a-originele-gele-laserjet-tonercartridge-w2032a,https://schema.org/url,163.5,https://schema.org/price,Yellow,https://schema.org/color,W2032A,https://schema.org/sku,LaserJet,Supplies
HP 303XL originele high-capacity drie-kleuren inktcartridge,https://www.hp.com/be-nl/shop/products/supplies/hp-303xl-originele-high-capacity-drie-kleuren-inktcartridge-t6n03ae-ls1,InkCartridge,HP 303XL originele high-capacity drie-kleuren inktcartridge,https://schema.org/name,https://www.hp.com/be-nl/shop/products/supplies/hp-303xl-originele-high-capacity-drie-kleuren-inktcartridge-t6n03ae-ls1,https://schema.org/url,61.99,https://schema.org/price,Cyan/Magenta/Yellow,https://schema.org/color,T6N03AE,https://schema.org/sku,HP,Supplies
HP 303 originele drie-kleuren inktcartridge,https://www.hp.com/be-nl/shop/products/supplies/hp-303-originele-drie-kleuren-inktcartridge-t6n01ae-ls1,InkCartridge,HP 303 originele drie-kleuren inktcartridge,https://schema.org/name,https://www.hp.com/be-nl/shop/products/supplies/hp-303-originele-drie-kleuren-inktcartridge-t6n01ae-ls1,https://schema.org/url,28.99,https://schema.org/price,Cyan/Magenta/Yellow,https://schema.org/color,T6N01AE,https://schema.org/sku,HP,Supplies
HP DesignJet T870 24 inch printer,https://www.hp.com/be-nl/shop/products/printers/hp-designjet-t870-24-inch-printer-am0x9a-b19,Plotter,HP DesignJet T870 24 inch printer,https://schema.org/name,https://www.hp.com/be-nl/shop/products/printers/hp-designjet-t870-24-inch-printer-am0x9a-b19,https://schema.org/url,1970.0,https://schema.org/price,Black,https://schema.org/color,AM0X9A,https://schema.org/sku,DesignJet,Printers
HP DesignJet T630 24-inch / A1 grootformaat Plotter Printer editie 2025 (5HB09D),https://www.hp.com/be-nl/shop/products/printers/hp-designjet-t630-24-inch-a1-grootformaat-plotter-printer-editie-2025-5hb09d-5hb09d-b19,Plotter,HP DesignJet T630 24-inch / A1 grootformaat Plotter Printer editie 2025 (5HB09D),https://schema.org/name,https://www.hp.com/be-nl/shop/products/printers/hp-designjet-t630-24-inch-a1-grootformaat-plotter-printer-editie-2025-5hb09d-5hb09d-b19,https://schema.org/url,1110.01,https://schema.org/price,Black,https://schema.org/color,5HB09D,https://schema.org/sku,DesignJet,Printers
HP DesignJet T850 36-inch / A0 grootformaat printer multifunctionele plotter (2Y9H2A),https://www.hp.com/be-nl/shop/products/printers/hp-designjet-t850-36-inch-a0-grootformaat-printer-multifunctionele-plotter-2y9h2a-2y9h2a-b19,Plotter,HP DesignJet T850 36-inch / A0 grootformaat printer multifunctionele plotter (2Y9H2A),https://schema.org/name,https://www.hp.com/be-nl/shop/products/printers/hp-designjet-t850-36-inch-a0-grootformaat-printer-multifunctionele-plotter-2y9h2a-2y9h2a-b19,https://schema.org/url,4310.0,https://schema.org/price,Black,https://schema.org/color,2Y9H2A,https://schema.org/sku,DesignJet,Printers
HP DesignJet T650 36-inch / A0 grootformaat Plotter Printer editie 2025 (5HB10D),https://www.hp.com/be-nl/shop/products/printers/hp-designjet-t650-36-inch-a0-grootformaat-plotter-printer-editie-2025-5hb10d-5hb10d-b19,Plotter,HP DesignJet T650 36-inch / A0 grootformaat Plotter Printer editie 2025 (5HB10D),https://schema.org/name,https://www.hp.com/be-nl/shop/products/printers/hp-designjet-t650-36-inch-a0-grootformaat-plotter-printer-editie-2025-5hb10d-5hb10d-b19,https://schema.org/url,1689.99,https://schema.org/price,Black,https://schema.org/color,5HB10D,https://schema.org/sku,DesignJet,Printers
HP DesignJet T230 24-inch / A1 grootformaat Plotter Printer editie 2025 (5HB07D),https://www.hp.com/be-nl/shop/products/printers/hp-designjet-t230-24-inch-a1-grootformaat-plotter-printer-editie-2025-5hb07d-5hb07d-b19,Plotter,HP DesignJet T230 24-inch / A1 grootformaat Plotter Printer editie 2025 (5HB07D),https://schema.org/name,https://www.hp.com/be-nl/shop/products/printers/hp-designjet-t230-24-inch-a1-grootformaat-plotter-printer-editie-2025-5hb07d-5hb07d-b19,https://schema.org/url,670.0,https://schema.org/price,Black,https://schema.org/color,5HB07D,https://schema.org/sku,DesignJet,Printers
HP DeskJet 4320 All-in-One printer met 6 maanden Instant Ink,https://www.hp.com/be-nl/shop/products/printers/hp-deskjet-4320-all-in-one-printer-a24hmb-629,InkjetPrinter,HP DeskJet 4320 All-in-One printer met 6 maanden Instant Ink,https://schema.org/name,https://www.hp.com/be-nl/shop/products/printers/hp-deskjet-4320-all-in-one-printer-a24hmb-629,https://schema.org/url,60.0,https://schema.org/price,Colour,https://schema.org/color,A24HMB,https://schema.org/sku,DeskJet,Printers
HP Envy Photo 7930 All-in-One printer met 6 maanden Instant Ink,https://www.hp.com/be-nl/shop/products/printers/hp-envy-photo-7930-all-in-one-printer-b63k5b-629,InkjetPrinter,HP Envy Photo 7930 All-in-One printer met 6 maanden Instant Ink,https://schema.org/name,https://www.hp.com/be-nl/shop/products/printers/hp-envy-photo-7930-all-in-one-printer-b63k5b-629,https://schema.org/url,110.0,https://schema.org/price,Colour,https://schema.org/color,B63K5B,https://schema.org/sku,Envy,Printers
HP Smart Tank 6005 All-in-One,https://www.hp.com/be-nl/shop/products/printers/hp-smart-tank-6005-all-in-one-2h1w1a-bhc,InkjetPrinter,HP Smart Tank 6005 All-in-One,https://schema.org/name,https://www.hp.com/be-nl/shop/products/printers/hp-smart-tank-6005-all-in-one-2h1w1a-bhc,https://schema.org/url,217.0,https://schema.org/price,Colour,https://schema.org/color,2H1W1A,https://schema.org/sku,HP,Printers
HP Envy 6532e All-in-One printer met 9 maanden Instant Ink via HP+,https://www.hp.com/be-nl/shop/products/printers/hp-envy-6532e-all-in-one-printer-met-6-maanden-instant-ink-via-hp-714p0b-629,InkjetPrinter,HP Envy 6532e All-in-One printer met 9 maanden Instant Ink via HP+,https://schema.org/name,https://www.hp.com/be-nl/shop/products/printers/hp-envy-6532e-all-in-one-printer-met-6-maanden-instant-ink-via-hp-714p0b-629,https://schema.org/url,113.99,https://schema.org/price,Colour,https://schema.org/color,714P0B,https://schema.org/sku,Envy,Printers
HP OfficeJet Pro 9120b All-in-One printer,https://www.hp.com/be-nl/shop/products/printers/hp-officejet-pro-9120b-all-in-one-printer-4v2n0b-629,InkjetPrinter,HP OfficeJet Pro 9120b All-in-One printer,https://schema.org/name,https://www.hp.com/be-nl/shop/products/printers/hp-officejet-pro-9120b-all-in-one-printer-4v2n0b-629,https://schema.org/url,249.01,https://schema.org/price,Colour,https://schema.org/color,4V2N0B,https://schema.org/sku,OfficeJet,Printers
HP Color LaserJet Enterprise MFP 4801fw printer (67Q06A),https://www.hp.com/be-nl/shop/products/printers/hp-color-laserjet-enterprise-mfp-4801fw-printer-67q06a-b19,LaserPrinter,HP Color LaserJet Enterprise MFP 4801fw printer (67Q06A),https://schema.org/name,https://www.hp.com/be-nl/shop/products/printers/hp-color-laserjet-enterprise-mfp-4801fw-printer-67q06a-b19,https://schema.org/url,993.18,https://schema.org/price,Colour,https://schema.org/color,67Q06A,https://schema.org/sku,LaserJet,Printers
HP Color LaserJet Enterprise 4701dn printer,https://www.hp.com/be-nl/shop/products/printers/hp-color-laserjet-enterprise-4701dn-printer-67p98a-b19,LaserPrinter,HP Color LaserJet Enterprise 4701dn printer,https://schema.org/name,https://www.hp.com/be-nl/shop/products/printers/hp-color-laserjet-enterprise-4701dn-printer-67p98a-b19,https://schema.org/url,649.06,https://schema.org/price,Colour,https://schema.org/color,67P98A,https://schema.org/sku,LaserJet,Printers
HP Color LaserJet Enterprise Flow MFP 5800zf-printer,https://www.hp.com/be-nl/shop/products/printers/hp-color-laserjet-enterprise-flow-mfp-5800zf-printer-58r10a-b19,LaserPrinter,HP Color LaserJet Enterprise Flow MFP 5800zf-printer,https://schema.org/name,https://www.hp.com/be-nl/shop/products/printers/hp-color-laserjet-enterprise-flow-mfp-5800zf-printer-58r10a-b19,https://schema.org/url,2749.99,https://schema.org/price,Colour,https://schema.org/color,58R10A,https://schema.org/sku,LaserJet,Printers
HP LaserJet M209d printer,https://www.hp.com/be-nl/shop/products/printers/hp-laserjet-m209d-printer-8j9l0f-b19,LaserPrinter,HP LaserJet M209d printer,https://schema.org/name,https://www.hp.com/be-nl/shop/products/printers/hp-laserjet-m209d-printer-8j9l0f-b19,https://schema.org/url,99.0,https://schema.org/price,Black,https://schema.org/color,8J9L0F,https://schema.org/sku,LaserJet,Printers
HP LaserJet MFP M235sdw printer,https://www.hp.com/be-nl/shop/products/printers/hp-laserjet-mfp-m235sdw-printer-8j9k7f-b19,LaserPrinter,HP LaserJet MFP M235sdw printer,https://schema.org/name,https://www.hp.com/be-nl/shop/products/printers/hp-laserjet-mfp-m235sdw-printer-8j9k7f-b19,https://schema.org/url,239.89,https://schema.org/price,Black,https://schema.org/color,8J9K7F,https://schema.org/sku,LaserJet,Printers
HP OmniBook 3 Laptop 16-by0003nbx,https://www.hp.com/be-nl/shop/products/laptops/hp-omnibook-3-laptop-16-by0003nbx-d8bz6ea-uug,BudgetLaptop,HP OmniBook 3 Laptop 16-by0003nbx,https://schema.org/name,https://www.hp.com/be-nl/shop/products/laptops/hp-omnibook-3-laptop-16-by0003nbx-d8bz6ea-uug,https://schema.org/url,599.0,https://schema.org/price,Glacier Silver,https://schema.org/color,D8BZ6EA,https://schema.org/sku,OmniBook,Laptops
HP OmniBook 3 Laptop 14-hu0003nbx,https://www.hp.com/be-nl/shop/products/laptops/hp-omnibook-3-laptop-14-hu0003nbx-d8bz3ea-uug,BudgetLaptop,HP OmniBook 3 Laptop 14-hu0003nbx,https://schema.org/name,https://www.hp.com/be-nl/shop/products/laptops/hp-omnibook-3-laptop-14-hu0003nbx-d8bz3ea-uug,https://schema.org/url,749.0,https://schema.org/price,Glacier Silver,https://schema.org/color,D8BZ3EA,https://schema.org/sku,OmniBook,Laptops
HP OmniBook 3 Laptop Next Gen AI 14-hz0044nbx,https://www.hp.com/be-nl/shop/products/laptops/hp-omnibook-3-laptop-next-gen-ai-14-hz0044nbx-e0tv3ea-uug,BudgetLaptop,HP OmniBook 3 Laptop Next Gen AI 14-hz0044nbx,https://schema.org/name,https://www.hp.com/be-nl/shop/products/laptops/hp-omnibook-3-laptop-next-gen-ai-14-hz0044nbx-e0tv3ea-uug,https://schema.org/url,799.0,https://schema.org/price,Nouvelle Silver,https://schema.org/color,E0TV3EA,https://schema.org/sku,OmniBook,Laptops
HP OmniBook 3 Laptop Next Gen AI 17-df0104nbx,https://www.hp.com/be-nl/shop/products/laptops/hp-omnibook-3-laptop-next-gen-ai-17-df0104nbx-d8bk3ea-uug,BudgetLaptop,HP OmniBook 3 Laptop Next Gen AI 17-df0104nbx,https://schema.org/name,https://www.hp.com/be-nl/shop/products/laptops/hp-omnibook-3-laptop-next-gen-ai-17-df0104nbx-d8bk3ea-uug,https://schema.org/url,799.0,https://schema.org/price,Glacier Silver,https://schema.org/color,D8BK3EA,https://schema.org/sku,OmniBook,Laptops
HP OmniBook 3 Laptop Next Gen AI 16-bz0045nbx,https://www.hp.com/be-nl/shop/products/laptops/hp-omnibook-3-laptop-next-gen-ai-16-bz0045nbx-e0tw1ea-uug,BudgetLaptop,HP OmniBook 3 Laptop Next Gen AI 16-bz0045nbx,https://schema.org/name,https://www.hp.com/be-nl/shop/products/laptops/hp-omnibook-3-laptop-next-gen-ai-16-bz0045nbx-e0tw1ea-uug,https://schema.org/url,1199.0,https://schema.org/price,Starlit Blue,https://schema.org/color,E0TW1EA,https://schema.org/sku,OmniBook,Laptops
"HP ProBook 4 G1i 16"" laptop – LTE/4G - Azerty toetsenbord met verlichting - 3 jaar onsite hardware support",https://www.hp.com/be-nl/shop/products/laptops/hp-probook-4-g1i-16-inch-notebook-ai-pc-wolf-pro-security-edition-d4dp1ea-uug,BusinessLaptop,"HP ProBook 4 G1i 16"" laptop – LTE/4G - Azerty toetsenbord met verlichting - 3 jaar onsite hardware support",https://schema.org/name,https://www.hp.com/be-nl/shop/products/laptops/hp-probook-4-g1i-16-inch-notebook-ai-pc-wolf-pro-security-edition-d4dp1ea-uug,https://schema.org/url,1299.0,https://schema.org/price,Pike Silver,https://schema.org/color,D4DP1EA,https://schema.org/sku,ProBook,Laptops
"HP ProBook 4 G1q 14"" laptop",https://www.hp.com/be-nl/shop/products/laptops/hp-probook-4-g1q-14-inch-notebook-next-gen-ai-pc-c54w7at-uug,BusinessLaptop,"HP ProBook 4 G1q 14"" laptop",https://schema.org/name,https://www.hp.com/be-nl/shop/products/laptops/hp-probook-4-g1q-14-inch-notebook-next-gen-ai-pc-c54w7at-uug,https://schema.org/url,1098.99,https://schema.org/price,Pike Silver,https://schema.org/color,C54W7AT,https://schema.org/sku,ProBook,Laptops
"HP ProBook 4 G2i 16"" Next Gen AI laptop met touch en LTE/5G - Azerty toetsenbord met verlichting - 3 jaar onsite hardware support",https://www.hp.com/be-nl/shop/products/laptops/hp-probook-4-g2i-16-inch-notebook-next-gen-ai-pc-wolf-pro-security-edition-du1f2ea-uug,BusinessLaptop,"HP ProBook 4 G2i 16"" Next Gen AI laptop met touch en LTE/5G - Azerty toetsenbord met verlichting - 3 jaar onsite hardware support",https://schema.org/name,https://www.hp.com/be-nl/shop/products/laptops/hp-probook-4-g2i-16-inch-notebook-next-gen-ai-pc-wolf-pro-security-edition-du1f2ea-uug,https://schema.org/url,1649.0,https://schema.org/price,Pike Silver,https://schema.org/color,DU1F2EA,https://schema.org/sku,ProBook,Laptops
HP ProBook 4 G1i 16 inch Notebook AI PC Wolf Pro Security Edition,https://www.hp.com/be-nl/shop/products/laptops/hp-probook-4-g1i-16-inch-notebook-ai-pc-wolf-pro-security-edition-d4tm8ea-uug,BusinessLaptop,HP ProBook 4 G1i 16 inch Notebook AI PC Wolf Pro Security Edition,https://schema.org/name,https://www.hp.com/be-nl/shop/products/laptops/hp-probook-4-g1i-16-inch-notebook-ai-pc-wolf-pro-security-edition-d4tm8ea-uug,https://schema.org/url,1449.0,https://schema.org/price,Pike Silver,https://schema.org/color,D4TM8EA,https://schema.org/sku,ProBook,Laptops
"HP Zbook Ultra G1a 14"" mobile workstation - OLED scherm met touch - AMD Radeon 8050S Graphics",https://www.hp.com/be-nl/shop/products/laptops/hp-zbook-ultra-14-inch-g1a-mobiele-workstation-pc-wolf-pro-security-edition-data-science-a3zj0et-uug,BusinessLaptop,"HP Zbook Ultra G1a 14"" mobile workstation - OLED scherm met touch - AMD Radeon 8050S Graphics",https://schema.org/name,https://www.hp.com/be-nl/shop/products/laptops/hp-zbook-ultra-14-inch-g1a-mobiele-workstation-pc-wolf-pro-security-edition-data-science-a3zj0et-uug,https://schema.org/url,3299.0,https://schema.org/price,Meteor Silver,https://schema.org/color,A3ZJ0ET,https://schema.org/sku,HP_Z,Laptops
HP HyperX OMEN 16 inch Gaming Laptop PC 16-ap1004nb,https://www.hp.com/be-nl/shop/products/laptops/hyperx-omen-16-inch-gaming-laptop-pc-16-ap1004nb-e2bg6ea-uug,GamingLaptop,HP HyperX OMEN 16 inch Gaming Laptop PC 16-ap1004nb,https://schema.org/name,https://www.hp.com/be-nl/shop/products/laptops/hyperx-omen-16-inch-gaming-laptop-pc-16-ap1004nb-e2bg6ea-uug,https://schema.org/url,1399.0,https://schema.org/price,Shadow Black,https://schema.org/color,E2BG6EA,https://schema.org/sku,HyperX,Laptops
HP Victus Gaming Laptop 15-fb3019nb,https://www.hp.com/be-nl/shop/products/laptops/victus-gaming-laptop-15-fb3019nb-e2bk4ea-uug,GamingLaptop,HP Victus Gaming Laptop 15-fb3019nb,https://schema.org/name,https://www.hp.com/be-nl/shop/products/laptops/victus-gaming-laptop-15-fb3019nb-e2bk4ea-uug,https://schema.org/url,1199.0,https://schema.org/price,Performance Blue,https://schema.org/color,E2BK4EA,https://schema.org/sku,Victus,Laptops
HP HyperX OMEN MAX 16 inch Gaming Laptop PC 16-ak1002nb,https://www.hp.com/be-nl/shop/products/laptops/hyperx-omen-max-16-inch-gaming-laptop-pc-16-ak1002nb-e2be8ea-uug,GamingLaptop,HP HyperX OMEN MAX 16 inch Gaming Laptop PC 16-ak1002nb,https://schema.org/name,https://www.hp.com/be-nl/shop/products/laptops/hyperx-omen-max-16-inch-gaming-laptop-pc-16-ak1002nb-e2be8ea-uug,https://schema.org/url,2799.0,https://schema.org/price,Shadow Black,https://schema.org/color,E2BE8EA,https://schema.org/sku,HyperX,Laptops
HP HyperX OMEN 15 inch Gaming Laptop PC 15-gb0000nb,https://www.hp.com/be-nl/shop/products/laptops/hyperx-omen-15-inch-gaming-laptop-pc-15-gb0000nb-d8cf0ea-uug,GamingLaptop,HP HyperX OMEN 15 inch Gaming Laptop PC 15-gb0000nb,https://schema.org/name,https://www.hp.com/be-nl/shop/products/laptops/hyperx-omen-15-inch-gaming-laptop-pc-15-gb0000nb-d8cf0ea-uug,https://schema.org/url,1699.0,https://schema.org/price,Shadow Black,https://schema.org/color,D8CF0EA,https://schema.org/sku,HyperX,Laptops
"HP OMEN Transcend 14"" Gaming Laptop - 14-fb1002nb - Shadow Black - QHD OLED - RTX 5060 - Azerty toetsenbord met RGB verlichting per toets",https://www.hp.com/be-nl/shop/products/laptops/hp-omen-transcend-14-gaming-laptop-14-fb1002nb-shadow-black-qhd-oled-rtx-5060-azerty-toetsenbord-met-rgb-verlichting-per-toets-bw4e4ea-uug,GamingLaptop,"HP OMEN Transcend 14"" Gaming Laptop - 14-fb1002nb - Shadow Black - QHD OLED - RTX 5060 - Azerty toetsenbord met RGB verlichting per toets",https://schema.org/name,https://www.hp.com/be-nl/shop/products/laptops/hp-omen-transcend-14-gaming-laptop-14-fb1002nb-shadow-black-qhd-oled-rtx-5060-azerty-toetsenbord-met-rgb-verlichting-per-toets-bw4e4ea-uug,https://schema.org/url,2999.0,https://schema.org/price,Shadow Black,https://schema.org/color,BW4E4EA,https://schema.org/sku,OMEN,Laptops
HP HyperX OMEN MAX 45L Gaming Desktop GT24-0008nb PC,https://www.hp.com/be-nl/shop/products/desktops/hyperx-omen-max-45l-gaming-desktop-gt24-0008nb-pc-e4es7ea-uug,GamingDesktop,HP HyperX OMEN MAX 45L Gaming Desktop GT24-0008nb PC,https://schema.org/name,https://www.hp.com/be-nl/shop/products/desktops/hyperx-omen-max-45l-gaming-desktop-gt24-0008nb-pc-e4es7ea-uug,https://schema.org/url,5099.0,https://schema.org/price,Shadow Black,https://schema.org/color,E4ES7EA,https://schema.org/sku,HyperX,Desktops
HP HyperX OMEN 35L Gaming Desktop GT19-0009nb PC,https://www.hp.com/be-nl/shop/products/desktops/hyperx-omen-35l-gaming-desktop-gt19-0009nb-pc-e4es5ea-uug,GamingDesktop,HP HyperX OMEN 35L Gaming Desktop GT19-0009nb PC,https://schema.org/name,https://www.hp.com/be-nl/shop/products/desktops/hyperx-omen-35l-gaming-desktop-gt19-0009nb-pc-e4es5ea-uug,https://schema.org/url,3399.0,https://schema.org/price,Shadow Black,https://schema.org/color,E4ES5EA,https://schema.org/sku,HyperX,Desktops
HP HyperX OMEN 35L Gaming Desktop GT19-0004nb PC (E4ER9EA-UUG),https://www.hp.com/be-nl/shop/products/desktops/hyperx-omen-35l-gaming-desktop-gt19-0004nb-pc-e4er9ea-uug,GamingDesktop,HP HyperX OMEN 35L Gaming Desktop GT19-0004nb PC (E4ER9EA-UUG),https://schema.org/name,https://www.hp.com/be-nl/shop/products/desktops/hyperx-omen-35l-gaming-desktop-gt19-0004nb-pc-e4er9ea-uug,https://schema.org/url,3599.0,https://schema.org/price,Shadow Black,https://schema.org/color,E4ER9EA,https://schema.org/sku,HyperX,Desktops
HP HyperX OMEN 35L Gaming Desktop GT18-0000nb PC (E4ER0EA-UUG),https://www.hp.com/be-nl/shop/products/desktops/hyperx-omen-35l-gaming-desktop-gt18-0000nb-pc-e4er0ea-uug,GamingDesktop,HP HyperX OMEN 35L Gaming Desktop GT18-0000nb PC (E4ER0EA-UUG),https://schema.org/name,https://www.hp.com/be-nl/shop/products/desktops/hyperx-omen-35l-gaming-desktop-gt18-0000nb-pc-e4er0ea-uug,https://schema.org/url,4799.01,https://schema.org/price,Shadow Black,https://schema.org/color,E4ER0EA,https://schema.org/sku,HyperX,Desktops
HP OMEN 16L Gaming Desktop PC TG03-0104nb PC,https://www.hp.com/be-nl/shop/products/desktops/omen-16l-gaming-desktop-pc-tg03-0104nb-pc-d8be9ea-uug,GamingDesktop,HP OMEN 16L Gaming Desktop PC TG03-0104nb PC,https://schema.org/name,https://www.hp.com/be-nl/shop/products/desktops/omen-16l-gaming-desktop-pc-tg03-0104nb-pc-d8be9ea-uug,https://schema.org/url,1199.0,https://schema.org/price,Shadow Black,https://schema.org/color,D8BE9EA,https://schema.org/sku,OMEN,Desktops
HP Z4 Tower G5 workstation - NVIDIA RTX PRO 4000 Blackwell 24GB - 3 jaar onsite garantie,https://www.hp.com/be-nl/shop/products/desktops/hp-z4-g5-workstation-pc-wolf-pro-security-edition-5e901ea-uug,Workstation,HP Z4 Tower G5 workstation - NVIDIA RTX PRO 4000 Blackwell 24GB - 3 jaar onsite garantie,https://schema.org/name,https://www.hp.com/be-nl/shop/products/desktops/hp-z4-g5-workstation-pc-wolf-pro-security-edition-5e901ea-uug,https://schema.org/url,6498.99,https://schema.org/price,Black,https://schema.org/color,5E901EA,https://schema.org/sku,HP_Z,Desktops
HP Z1 Tower G1i workstation – NVIDIA RTX A400 – 3 jaar hardware-ondersteuning op locatie,https://www.hp.com/be-nl/shop/products/desktops/hp-z1-tower-g1i-desktop-pc-wolf-pro-security-edition-cv7n2ea-uug,Workstation,HP Z1 Tower G1i workstation – NVIDIA RTX A400 – 3 jaar hardware-ondersteuning op locatie,https://schema.org/name,https://www.hp.com/be-nl/shop/products/desktops/hp-z1-tower-g1i-desktop-pc-wolf-pro-security-edition-cv7n2ea-uug,https://schema.org/url,2799.0,https://schema.org/price,Black,https://schema.org/color,CV7N2EA,https://schema.org/sku,HP_Z,Desktops
HP ZGX Nano G1n AI Station,https://www.hp.com/be-nl/shop/products/desktops/hp-zgx-nano-g1n-ai-station-cz9k4et-uug,Workstation,HP ZGX Nano G1n AI Station,https://schema.org/name,https://www.hp.com/be-nl/shop/products/desktops/hp-zgx-nano-g1n-ai-station-cz9k4et-uug,https://schema.org/url,7798.99,https://schema.org/price,Black,https://schema.org/color,CZ9K4ET,https://schema.org/sku,HP_Z,Desktops
HP Z2 Mini G1a workstation - AMD Radeon 8050S - 3 jaar onsite garantie,https://www.hp.com/be-nl/shop/products/desktops/z2-mini-g1a-workstation-amd-radeon-8050s-3-jaar-onsite-garantie-8t223ea-uug,Workstation,HP Z2 Mini G1a workstation - AMD Radeon 8050S - 3 jaar onsite garantie,https://schema.org/name,https://www.hp.com/be-nl/shop/products/desktops/z2-mini-g1a-workstation-amd-radeon-8050s-3-jaar-onsite-garantie-8t223ea-uug,https://schema.org/url,3199.0,https://schema.org/price,Black,https://schema.org/color,8T223EA,https://schema.org/sku,HP_Z,Desktops
HP Z2 G1i Tower workstation - NVIDIA RTX 2000 Ada - 3 jaar onsite garantie,https://www.hp.com/be-nl/shop/products/desktops/hp-z2-g1i-tower-workstation-nvidia-rtx-2000-ada-3-jaar-onsite-garantie-b76qmet-uug,Workstation,HP Z2 G1i Tower workstation - NVIDIA RTX 2000 Ada - 3 jaar onsite garantie,https://schema.org/name,https://www.hp.com/be-nl/shop/products/desktops/hp-z2-g1i-tower-workstation-nvidia-rtx-2000-ada-3-jaar-onsite-garantie-b76qmet-uug,https://schema.org/url,3999.0,https://schema.org/price,Black,https://schema.org/color,B76QMET,https://schema.org/sku,HP_Z,Desktops
